,id,label
0,AB806-AVYNV-001-7518028_108-PTO.jpg,1
1,AB806-AVYNV-001-7518029_108-PTO.jpg,1
2,DD393-AKALH-001-1bfad6ce-f2ac-11ea-823a-14187768146f-PBO_AVANT.jpg,0
3,DD393-AKSPW-001-ad3ad7ac-226b-11eb-b789-ac1f6bbd4684-PTO.jpg,1
4,DD393-AKZTJ-001-748dd145-2104-11eb-b789-ac1f6bbd4684-PTO.jpg,1
5,DD393-AKZTJ-001-ce9f888e-2104-11eb-b789-ac1f6bbd4684-PTO.jpg,1
6,DD393-ANIHA-001-51f3d667-f2ae-11ea-823a-14187768146f-PBO_AVANT.jpg,0
7,DD393-AOFHY-001-0aaba491-ac07-11ea-a485-14187768146f-PBO_AVANT.jpg,0
8,DD393-AOQMU-001-48462c5c-f330-11ea-823a-14187768146f-PBO_AVANT.jpg,0
9,DD393-AOXNZ-001-960abf64-f281-11ea-823a-14187768146f-PBO_AVANT.jpg,0
10,DD393-APCUR-001-1ba67f47-228d-11eb-b789-ac1f6bbd4684-PTO.jpg,1
11,DD393-APDTO-001-3b38455f-f2d1-11ea-823a-14187768146f-PBO_AVANT.jpg,0
12,DD393-AQAXT-001-c1fa533a-f294-11ea-823a-14187768146f-PBO_AVANT.jpg,0
13,DD393-AQLZF-001-19ab3a88-2265-11eb-b789-ac1f6bbd4684-PTO.jpg,1
14,DD393-AQLZF-001-57e8e34e-144e-11eb-9291-ac1f6bbd4684-PTO.jpg,1
15,DD393-AQLZF-001-c0555f73-0d2f-11eb-9291-ac1f6bbd4684-PTO.jpg,1
16,DE601-ARBEM-001-1fe89ee0-f2d3-11ea-823a-14187768146f-PBO_AVANT.jpg,0
17,DE601-ARBQK-001-c563fc8c-d253-11ea-a485-14187768146f-PBO_AVANT.jpg,0
18,DE601-ARVKZ-001-4c6fee63-03ee-11eb-823a-14187768146f-PTO.jpg,1
19,DE601-ARVRT-001-32301883-f2ad-11ea-823a-14187768146f-PBO_AVANT.jpg,0
20,DE601-ARZDS-001-b4acc94e-f28c-11ea-823a-14187768146f-PBO_AVANT.jpg,0
21,DE601-ARZDS-001-b50aac47-f28c-11ea-823a-14187768146f-PBO_APRES.jpg,0
22,DE601-ASDVM-001-f2c26b11-f276-11ea-823a-14187768146f-PBO_AVANT.jpg,0
23,DE601-ASDVM-001-f3f187e5-f276-11ea-823a-14187768146f-PBO_APRES.jpg,0
24,DE601-ASJQG-001-5ac135f0-f296-11ea-823a-14187768146f-PBO_AVANT.jpg,0
25,DE601-ASJVU-001-3b876aa9-f2dd-11ea-823a-14187768146f-PBO_AVANT.jpg,0
26,DE601-ASKDL-001-3ec0448b-f2b1-11ea-823a-14187768146f-PBO_AVANT.jpg,0
27,DE601-ASOMJ-001-7f4a548b-f293-11ea-823a-14187768146f-PBO_AVANT.jpg,0
28,DE601-ASOTS-001-c04f8f08-20f6-11eb-b789-ac1f6bbd4684-PTO.jpg,1
29,DE601-ASPRC-001-adda4e2c-f274-11ea-823a-14187768146f-PBO_AVANT.jpg,0
30,DE601-ASPXY-001-8feb3a37-f2ad-11ea-823a-14187768146f-PBO_AVANT.jpg,0
31,DE601-ASPYC-001-1320b015-f2ad-11ea-823a-14187768146f-PBO_AVANT.jpg,0
32,DE601-ASQKP-001-b9b86b26-0e1a-11eb-9291-ac1f6bbd4684-PBO_AVANT.jpg,0
33,DE601-ASQKT-001-aa96d8a3-f2b6-11ea-823a-14187768146f-PBO_AVANT.jpg,0
34,DE601-ASQSJ-001-d1318661-2279-11eb-b789-ac1f6bbd4684-PTO.jpg,1
35,DE601-ASQZR-001-362b40db-f2ac-11ea-823a-14187768146f-PBO_AVANT.jpg,0
36,DE601-ASRAY-001-34edb277-f27e-11ea-823a-14187768146f-PBO_AVANT.jpg,0
37,DE601-ASSDI-001-3f0ca0ff-f271-11ea-823a-14187768146f-PBO_AVANT.jpg,0
38,DE601-ASSEH-001-bd5d63ad-f298-11ea-823a-14187768146f-PBO_AVANT.jpg,0
39,DE601-ASSIB-001-ea728e8a-f2da-11ea-823a-14187768146f-PBO_AVANT.jpg,0
40,DE601-ASSIH-001-3267b253-f333-11ea-823a-14187768146f-PBO_AVANT.jpg,0
41,DE601-ASSKT-001-77333f6a-f2a7-11ea-823a-14187768146f-PBO_AVANT.jpg,0
42,DE601-ASSWJ-001-701cfa92-f298-11ea-823a-14187768146f-PBO_AVANT.jpg,0
43,DE601-ASSYT-001-08f3ada5-f28f-11ea-823a-14187768146f-PBO_AVANT.jpg,0
44,DE601-ASSYT-001-0912d88d-f28f-11ea-823a-14187768146f-PBO_APRES.jpg,0
45,DE601-ASSZS-001-3e87d6a7-f298-11ea-823a-14187768146f-PBO_AVANT.jpg,0
46,DE601-ASSZS-001-3eb777bc-f298-11ea-823a-14187768146f-PBO_AVANT.jpg,0
47,DE601-ASSZS-001-3ee157f2-f298-11ea-823a-14187768146f-PBO_APRES.jpg,0
48,DE601-ASTAN-001-df3daeb6-f34c-11ea-823a-14187768146f-PBO_AVANT.jpg,0
49,DE601-ASTAN-001-df78bf48-f34c-11ea-823a-14187768146f-PBO_AVANT.jpg,0
50,DE601-ASTAN-001-dfc23d35-f34c-11ea-823a-14187768146f-PBO_APRES.jpg,0
51,DE601-ASTUZ-001-ae1fe821-eb69-11ea-a485-14187768146f-PBO_AVANT.jpg,0
52,DE601-ASTUZ-001-ae75a873-eb69-11ea-a485-14187768146f-PBO_APRES.jpg,0
53,DE601-ASURQ-001-e7711144-f27b-11ea-823a-14187768146f-PBO_AVANT.jpg,0
54,DE601-ASURQ-001-e7aea4e2-f27b-11ea-823a-14187768146f-PBO_AVANT.jpg,0
55,DE601-ASURQ-001-e7e2a6b9-f27b-11ea-823a-14187768146f-PBO_APRES.jpg,0
56,DE601-ASUYL-001-bef3a6eb-f273-11ea-823a-14187768146f-PBO_AVANT.jpg,0
57,DE601-ASUYL-001-bf25904f-f273-11ea-823a-14187768146f-PBO_APRES.jpg,0
58,DE601-ASUYZ-001-36b232a5-f13b-11ea-823a-14187768146f-PBO_AVANT.jpg,0
59,DE601-ASUZX-001-ed76c498-f294-11ea-823a-14187768146f-PBO_AVANT.jpg,0
60,DE601-ASUZX-001-edf27140-f294-11ea-823a-14187768146f-PBO_APRES.jpg,0
61,DE601-ASWEU-001-0b39516b-f1d8-11ea-823a-14187768146f-PBO_AVANT.jpg,0
62,DE601-ASWEU-001-0b612a9e-f1d8-11ea-823a-14187768146f-PBO_AVANT.jpg,0
63,DE601-ASWEU-001-0b9b967f-f1d8-11ea-823a-14187768146f-PBO_APRES.jpg,0
64,DE601-ASWJB-001-0f58b171-f277-11ea-823a-14187768146f-PBO_AVANT.jpg,0
65,DE601-ASWJB-001-0fb14f4a-f277-11ea-823a-14187768146f-PBO_APRES.jpg,0
66,DE601-ASWTE-001-05ab04c5-f332-11ea-823a-14187768146f-PBO_AVANT.jpg,0
67,DE601-ASWTJ-001-a74c83d6-f1ac-11ea-823a-14187768146f-PBO_AVANT.jpg,0
68,DE601-ASWTQ-001-1176d5ec-f2c8-11ea-823a-14187768146f-PBO_AVANT.jpg,0
69,DE601-ASWUE-001-7a7c790e-f2a3-11ea-823a-14187768146f-PBO_APRES.jpg,0
70,DE601-ASXMV-001-ff13a77a-f2d5-11ea-823a-14187768146f-PBO_AVANT.jpg,0
71,DE601-ASXMV-001-ff3510c9-f2d5-11ea-823a-14187768146f-PBO_APRES.jpg,0
72,DE601-ASYFM-001-5340ae5d-f276-11ea-823a-14187768146f-PBO_APRES.jpg,0
73,DE601-ASZEP-001-bdde973c-f2a2-11ea-823a-14187768146f-PBO_AVANT.jpg,0
74,DE601-ASZEP-001-be155d7a-f2a2-11ea-823a-14187768146f-PBO_AVANT.jpg,0
75,DE601-ASZEP-001-be6543f7-f2a2-11ea-823a-14187768146f-PBO_APRES.jpg,0
76,DE601-ASZMJ-001-23454dc9-f285-11ea-823a-14187768146f-PBO_AVANT.jpg,0
77,DE601-ASZOI-001-7c2c6a0d-f2c2-11ea-823a-14187768146f-PBO_AVANT.jpg,0
78,DE601-ASZOI-001-7c601eab-f2c2-11ea-823a-14187768146f-PBO_APRES.jpg,0
79,DE601-ASZSM-001-9000d9b6-f28f-11ea-823a-14187768146f-PBO_AVANT.jpg,0
80,DE601-ASZSM-001-9067db39-f28f-11ea-823a-14187768146f-PBO_APRES.jpg,0
81,DE601-ASZSP-001-306b25e6-f29d-11ea-823a-14187768146f-PBO_AVANT.jpg,0
82,DE601-ASZSP-001-30aa6b15-f29d-11ea-823a-14187768146f-PBO_AVANT.jpg,0
83,DE601-ASZSP-001-30d74552-f29d-11ea-823a-14187768146f-PBO_APRES.jpg,0
84,DE601-ASZTZ-001-0b187d18-f2b8-11ea-823a-14187768146f-PBO_AVANT.jpg,0
85,DE601-ASZTZ-001-0b2bb70a-f2b8-11ea-823a-14187768146f-PBO_APRES.jpg,0
86,DE601-ATAYS-001-79dbf805-f2b9-11ea-823a-14187768146f-PBO_AVANT.jpg,0
87,DE601-ATAYS-001-79fa5102-f2b9-11ea-823a-14187768146f-PBO_APRES.jpg,0
88,DE601-ATBCR-001-d3e0700a-f2c7-11ea-823a-14187768146f-PBO_AVANT.jpg,0
89,DE601-ATBCR-001-d41190d3-f2c7-11ea-823a-14187768146f-PBO_APRES.jpg,0
90,DE601-ATBKU-001-404e2c1e-f2a0-11ea-823a-14187768146f-PBO_AVANT.jpg,0
91,DE601-ATBKU-001-40774265-f2a0-11ea-823a-14187768146f-PBO_APRES.jpg,0
92,DE601-ATBOW-001-80ad6236-f2c3-11ea-823a-14187768146f-PBO_AVANT.jpg,0
93,DE601-ATBOW-001-80e0ec90-f2c3-11ea-823a-14187768146f-PBO_APRES.jpg,0
94,DE601-ATBPT-001-4c3217c1-f339-11ea-823a-14187768146f-PBO_APRES.jpg,0
95,DE601-ATBZW-001-3f0167dd-2106-11eb-b789-ac1f6bbd4684-PTO.jpg,1
96,DE601-ATCAF-001-bd27c7f9-f273-11ea-823a-14187768146f-PBO_AVANT.jpg,0
97,DE601-ATCAF-001-bd5112e4-f273-11ea-823a-14187768146f-PBO_APRES.jpg,0
98,DE601-ATCAH-001-47147fcb-f292-11ea-823a-14187768146f-PBO_APRES.jpg,0
99,DE601-ATCBE-001-70f73a36-f2c0-11ea-823a-14187768146f-PBO_AVANT.jpg,0
100,DE601-ATCBE-001-7111a7aa-f2c0-11ea-823a-14187768146f-PBO_APRES.jpg,0
101,DE601-ATCQT-001-f5167d41-f1af-11ea-823a-14187768146f-PBO_AVANT.jpg,0
102,DE601-ATCQT-001-f550e980-f1af-11ea-823a-14187768146f-PBO_APRES.jpg,0
103,DE601-ATCQU-001-4ea0df2f-f28b-11ea-823a-14187768146f-PBO_AVANT.jpg,0
104,DE601-ATCQU-001-4ec08f38-f28b-11ea-823a-14187768146f-PBO_AVANT.jpg,0
105,DE601-ATCQU-001-4ee0f61e-f28b-11ea-823a-14187768146f-PBO_APRES.jpg,0
106,DE601-ATCQV-001-1a72f1b8-f2b7-11ea-823a-14187768146f-PBO_AVANT.jpg,0
107,DE601-ATCQV-001-1a9f98f2-f2b7-11ea-823a-14187768146f-PBO_AVANT.jpg,0
108,DE601-ATCYY-001-5b1b8b80-f2b0-11ea-823a-14187768146f-PBO_AVANT.jpg,0
109,DE601-ATCYY-001-5b475d79-f2b0-11ea-823a-14187768146f-PBO_APRES.jpg,0
110,DE601-ATCZM-001-218e9efa-f2a5-11ea-823a-14187768146f-PBO_AVANT.jpg,0
111,DE601-ATCZM-001-252dd077-f2a5-11ea-823a-14187768146f-PBO_APRES.jpg,0
112,DE601-ATDAO-001-c6402cd5-f2a4-11ea-823a-14187768146f-PBO_AVANT.jpg,0
113,DE601-ATDAO-001-c67e4610-f2a4-11ea-823a-14187768146f-PBO_APRES.jpg,0
114,DE601-ATDCV-001-a9f4d9e5-f290-11ea-823a-14187768146f-PBO_AVANT.jpg,0
115,DE601-ATDCV-001-aa5510ab-f290-11ea-823a-14187768146f-PBO_APRES.jpg,0
116,DE601-ATDLS-001-ae02e5a6-f270-11ea-823a-14187768146f-PBO_APRES.jpg,0
117,DE601-ATDMI-001-1b089c29-f2b0-11ea-823a-14187768146f-PBO_AVANT.jpg,0
118,DE601-ATDMI-001-1b2c7b65-f2b0-11ea-823a-14187768146f-PBO_AVANT.jpg,0
119,DE601-ATDMI-001-1b5570ae-f2b0-11ea-823a-14187768146f-PBO_APRES.jpg,0
120,DE601-ATDNG-001-6922c35a-f338-11ea-823a-14187768146f-PBO_AVANT.jpg,0
121,DE601-ATDNG-001-69571369-f338-11ea-823a-14187768146f-PBO_APRES.jpg,0
122,DE601-ATDNL-001-2e53d797-f36f-11ea-823a-14187768146f-PBO_AVANT.jpg,0
123,DE601-ATDNL-001-2e87a89e-f36f-11ea-823a-14187768146f-PBO_AVANT.jpg,0
124,DE601-ATDNL-001-2efea5b2-f36f-11ea-823a-14187768146f-PBO_APRES.jpg,0
125,DE601-ATDRH-001-58f5201d-f294-11ea-823a-14187768146f-PBO_AVANT.jpg,0
126,DE601-ATDRH-001-59582196-f294-11ea-823a-14187768146f-PBO_APRES.jpg,0
127,DE601-ATEAO-001-ef614f5e-f276-11ea-823a-14187768146f-PBO_AVANT.jpg,0
128,DE601-ATEAO-001-ef978f63-f276-11ea-823a-14187768146f-PBO_AVANT.jpg,0
129,DE601-ATEAO-001-efc9db6b-f276-11ea-823a-14187768146f-PBO_APRES.jpg,0
130,DE601-ATEAP-001-76b21219-f289-11ea-823a-14187768146f-PBO_AVANT.jpg,0
131,DE601-ATEAP-001-76dc9eaa-f289-11ea-823a-14187768146f-PBO_APRES.jpg,0
132,DE601-ATEBQ-001-329596cf-f28e-11ea-823a-14187768146f-PBO_AVANT.jpg,0
133,DE601-ATEBQ-001-32b495fd-f28e-11ea-823a-14187768146f-PBO_APRES.jpg,0
134,DE601-ATECA-001-15bafdd9-f32c-11ea-823a-14187768146f-PBO_APRES.jpg,0
135,DE601-ATECI-001-2f5a2e62-f2a3-11ea-823a-14187768146f-PBO_AVANT.jpg,0
136,DE601-ATECI-001-2fb86e0d-f2a3-11ea-823a-14187768146f-PBO_APRES.jpg,0
137,DE601-ATEDD-001-09b0b8ff-f2c1-11ea-823a-14187768146f-PBO_AVANT.jpg,0
138,DE601-ATEDD-001-09ce1e50-f2c1-11ea-823a-14187768146f-PBO_APRES.jpg,0
139,DE601-ATFIM-001-05e0faae-f2a4-11ea-823a-14187768146f-PBO_AVANT.jpg,0
140,DE601-ATFIM-001-060d1197-f2a4-11ea-823a-14187768146f-PBO_APRES.jpg,0
141,DE601-ATFIO-001-0d4ba2d8-f290-11ea-823a-14187768146f-PBO_APRES.jpg,0
142,DE601-ATFIT-001-e8b722a4-f338-11ea-823a-14187768146f-PBO_APRES.jpg,0
143,DE601-ATFJN-001-9ba54670-f331-11ea-823a-14187768146f-PBO_AVANT.jpg,0
144,DE601-ATFJN-001-9bbee24c-f331-11ea-823a-14187768146f-PBO_AVANT.jpg,0
145,DE601-ATFJN-001-9bdd7653-f331-11ea-823a-14187768146f-PBO_APRES.jpg,0
146,DE601-AUDPK-001-f2e59690-1386-11eb-9291-ac1f6bbd4684-PTO.jpg,1
147,DE601-AUEVC-001-1048d006-12d9-11eb-9291-ac1f6bbd4684-PTO.jpg,1
148,DE601-AUFXZ-001-666016a8-12d7-11eb-9291-ac1f6bbd4684-PTO.jpg,1
149,DE601-AUGPA-001-1f0bf698-0e1f-11eb-9291-ac1f6bbd4684-PTO.jpg,1
150,DE601-AUGPA-001-c20dc2ff-12db-11eb-9291-ac1f6bbd4684-PTO.jpg,1
151,DE601-AUILE-001-c323412a-12c9-11eb-9291-ac1f6bbd4684-PTO.jpg,1
152,DE601-AUJLT-001-de9f830a-12e9-11eb-9291-ac1f6bbd4684-PTO.jpg,1
153,DE601-AUJMI-001-9bb443f7-12a5-11eb-9291-ac1f6bbd4684-PTO.jpg,1
154,DE601-AUJYS-001-a13182a2-12e0-11eb-9291-ac1f6bbd4684-PTO.jpg,1
155,DE601-AULVD-001-44e6c637-1385-11eb-9291-ac1f6bbd4684-PTO.jpg,1
156,DE601-AULYH-001-47fce864-12e7-11eb-9291-ac1f6bbd4684-PTO.jpg,1
157,DE601-AULYU-001-22893a59-11ed-11eb-9291-ac1f6bbd4684-PTO.jpg,1
158,DE601-AUMKW-001-8198dd14-1373-11eb-9291-ac1f6bbd4684-PTO.jpg,1
159,DE601-AUMQR-001-b610d73d-12c5-11eb-9291-ac1f6bbd4684-PTO.jpg,1
160,DE601-AUMUB-001-834a553b-12cb-11eb-9291-ac1f6bbd4684-PTO.jpg,1
161,DE601-AUMUJ-001-d7ee5ae9-12dc-11eb-9291-ac1f6bbd4684-PTO.jpg,1
162,DE601-AUNFW-001-a1f396b4-12d2-11eb-9291-ac1f6bbd4684-PTO.jpg,1
163,DE601-AUOOM-001-30e16801-12de-11eb-9291-ac1f6bbd4684-PTO.jpg,1
164,DE601-AUOQL-001-b94bf8c3-12d0-11eb-9291-ac1f6bbd4684-PTO.jpg,1
165,DE601-AUOSC-001-0493a271-07c2-11eb-9a54-ac1f6bbd4684-PTO.jpg,1
166,DE601-AUTXD-001-29b2ca17-1371-11eb-9291-ac1f6bbd4684-PTO.jpg,1
167,DE601-AUUAQ-001-d83fb51b-12c7-11eb-9291-ac1f6bbd4684-PTO.jpg,1
168,DE601-AUUDP-001-8a80c51c-12cc-11eb-9291-ac1f6bbd4684-PTO.jpg,1
169,DE601-AUUFL-001-09b7b2af-12ea-11eb-9291-ac1f6bbd4684-PTO.jpg,1
170,DE601-AUUGI-001-5f66be52-2276-11eb-b789-ac1f6bbd4684-PTO.jpg,1
171,DE601-AUUHD-001-58c91a24-11e7-11eb-9291-ac1f6bbd4684-PTO.jpg,1
172,DE601-AUWNL-001-46a45acd-12de-11eb-9291-ac1f6bbd4684-PTO.jpg,1
173,DE601-AUWSN-001-f7603c43-20fd-11eb-b789-ac1f6bbd4684-PTO.jpg,1
174,DE601-AUWSQ-001-e5ff5583-12e4-11eb-9291-ac1f6bbd4684-PTO.jpg,1
175,DE601-AUWUA-001-0cfc0d54-1385-11eb-9291-ac1f6bbd4684-PTO.jpg,1
176,DE601-AUXDS-001-92b66706-12d6-11eb-9291-ac1f6bbd4684-PTO.jpg,1
177,DE601-AUXEW-001-69e45580-11ea-11eb-9291-ac1f6bbd4684-PTO.jpg,1
178,DE601-AUXKQ-001-85a49f04-12bd-11eb-9291-ac1f6bbd4684-PTO.jpg,1
179,DE601-AUXKX-001-e883e60a-1320-11eb-9291-ac1f6bbd4684-PTO.jpg,1
180,DE601-AUXKZ-001-feb14ff2-12dd-11eb-9291-ac1f6bbd4684-PTO.jpg,1
181,DE601-AUXMD-001-dbc43794-12e6-11eb-9291-ac1f6bbd4684-PTO.jpg,1
182,DE601-AUXNC-001-0de8d046-2119-11eb-b789-ac1f6bbd4684-PTO.jpg,1
183,DE601-AUXNF-001-060370ee-137f-11eb-9291-ac1f6bbd4684-PTO.jpg,1
184,DE601-AUXOK-001-1b59e325-12f8-11eb-9291-ac1f6bbd4684-PTO.jpg,1
185,DE601-AUXOM-001-1122d3cd-12e0-11eb-9291-ac1f6bbd4684-PTO.jpg,1
186,DE601-AUXQG-001-b5db4eec-12ca-11eb-9291-ac1f6bbd4684-PTO.jpg,1
187,DE601-AUXXE-001-372a26bb-1212-11eb-9291-ac1f6bbd4684-PTO.jpg,1
188,DE601-AUXYP-001-50d69d5a-12cb-11eb-9291-ac1f6bbd4684-PTO.jpg,1
189,DE601-AUYAR-001-91744434-11f3-11eb-9291-ac1f6bbd4684-PTO.jpg,1
190,DE601-AUYHU-001-a2bbebe1-1234-11eb-9291-ac1f6bbd4684-PTO.jpg,1
191,DE601-AUYHY-001-2de087ad-137e-11eb-9291-ac1f6bbd4684-PTO.jpg,1
192,DE601-AUYIO-001-b5764c15-1221-11eb-9291-ac1f6bbd4684-PTO.jpg,1
193,DE601-AUYJD-001-17035d11-1064-11eb-9291-ac1f6bbd4684-PTO.jpg,1
194,DE601-AUYRN-001-529245bb-1386-11eb-9291-ac1f6bbd4684-PTO.jpg,1
195,DE601-AUZAJ-001-79dd5664-11f1-11eb-9291-ac1f6bbd4684-PTO.jpg,1
196,DE601-AUZVX-001-5bc73d8b-12dd-11eb-9291-ac1f6bbd4684-PTO.jpg,1
197,DE601-AUZWM-001-cddce9db-130d-11eb-9291-ac1f6bbd4684-PTO.jpg,1
198,DE601-AUZZR-001-15bc3c10-137f-11eb-9291-ac1f6bbd4684-PTO.jpg,1
199,DE601-AUZZV-001-616b9d9b-12e5-11eb-9291-ac1f6bbd4684-PTO.jpg,1
200,DE601-AVAAG-001-5869942f-137f-11eb-9291-ac1f6bbd4684-PTO.jpg,1
201,DE601-AVAPS-001-3c0f34c9-12eb-11eb-9291-ac1f6bbd4684-PTO.jpg,1
202,DE601-AVBPG-001-82bdf439-12c6-11eb-9291-ac1f6bbd4684-PTO.jpg,1
203,DE601-AVCTQ-001-63fb6348-12bd-11eb-9291-ac1f6bbd4684-PTO.jpg,1
204,DE601-AVCTX-001-5f2728c9-11eb-11eb-9291-ac1f6bbd4684-PTO.jpg,1
205,DE601-AVCUE-001-11f79843-1379-11eb-9291-ac1f6bbd4684-PTO.jpg,1
206,DE601-AVCUF-001-da049d85-12ca-11eb-9291-ac1f6bbd4684-PTO.jpg,1
207,DE601-AVCVG-001-7248ca7f-12c0-11eb-9291-ac1f6bbd4684-PTO.jpg,1
208,DE601-AVCVR-001-3c418016-1381-11eb-9291-ac1f6bbd4684-PTO.jpg,1
209,DE601-AVCWE-001-80ce5b72-12e1-11eb-9291-ac1f6bbd4684-PTO.jpg,1
210,DE601-AVCWH-001-ef7abcb1-12ef-11eb-9291-ac1f6bbd4684-PTO.jpg,1
211,DE601-AVDMK-001-353a25ef-12cc-11eb-9291-ac1f6bbd4684-PTO.jpg,1
212,DE601-AVEJF-001-5517fc19-1216-11eb-9291-ac1f6bbd4684-PTO.jpg,1
213,DE601-AVEJK-001-0a21b563-12ac-11eb-9291-ac1f6bbd4684-PTO.jpg,1
214,DE601-AVEJL-001-23020c43-1221-11eb-9291-ac1f6bbd4684-PTO.jpg,1
215,DE601-AVEKE-001-63794adc-12ac-11eb-9291-ac1f6bbd4684-PTO.jpg,1
216,DE601-AVENN-001-8a841901-12a8-11eb-9291-ac1f6bbd4684-PTO.jpg,1
217,DE601-AVENT-001-60dce9ab-12cf-11eb-9291-ac1f6bbd4684-PTO.jpg,1
218,DE601-AVESZ-001-b816c6d5-137d-11eb-9291-ac1f6bbd4684-PTO.jpg,1
219,DE601-AVFFD-001-c0ec3678-12e2-11eb-9291-ac1f6bbd4684-PTO.jpg,1
220,DE601-AVFFE-001-93caaf69-12a6-11eb-9291-ac1f6bbd4684-PTO.jpg,1
221,DE601-AVFFJ-001-b0b78f37-12c8-11eb-9291-ac1f6bbd4684-PTO.jpg,1
222,DE601-AVFFL-001-326e72a3-12e0-11eb-9291-ac1f6bbd4684-PTO.jpg,1
223,DE601-AVFFV-001-bcf028ec-12f2-11eb-9291-ac1f6bbd4684-PTO.jpg,1
224,DE601-AVFGA-001-b8686d16-227a-11eb-b789-ac1f6bbd4684-PTO.jpg,1
225,DE601-AVFQU-001-c881c784-12db-11eb-9291-ac1f6bbd4684-PTO.jpg,1
226,DE601-AVFVV-001-cd9f4a05-1381-11eb-9291-ac1f6bbd4684-PTO.jpg,1
227,DE601-AVFWE-001-482a8bb4-12c2-11eb-9291-ac1f6bbd4684-PTO.jpg,1
228,DE601-AVFWK-001-7e1dc16c-20f2-11eb-b789-ac1f6bbd4684-PTO.jpg,1
229,DE601-AVFZL-001-f74b6830-1946-11eb-9291-ac1f6bbd4684-PTO.jpg,1
230,DE601-AVGAP-001-9e07f510-1911-11eb-9291-ac1f6bbd4684-PTO.jpg,1
231,DE601-AVGDT-001-515a4231-19d1-11eb-9291-ac1f6bbd4684-PTO.jpg,1
232,DE601-AVGFE-001-aa988154-2105-11eb-b789-ac1f6bbd4684-PTO.jpg,1
233,DE601-AVGIR-001-3a6d84ca-12e2-11eb-9291-ac1f6bbd4684-PTO.jpg,1
234,DE601-AVGJZ-001-a1fa54a0-12d6-11eb-9291-ac1f6bbd4684-PTO.jpg,1
235,DE601-AVGKL-001-3b5da7e8-12d5-11eb-9291-ac1f6bbd4684-PTO.jpg,1
236,DE601-AVGLO-001-4c203947-19d1-11eb-9291-ac1f6bbd4684-PTO.jpg,1
237,DE601-AVGMV-001-0dcfab42-192f-11eb-9291-ac1f6bbd4684-PTO.jpg,1
238,DE601-AVGOB-001-19565242-1382-11eb-9291-ac1f6bbd4684-PTO.jpg,1
239,DE601-AVGOO-001-28db7777-12ed-11eb-9291-ac1f6bbd4684-PTO.jpg,1
240,DE601-AVICC-001-0db7ae48-19d6-11eb-9291-ac1f6bbd4684-PTO.jpg,1
241,DE601-AVJTC-001-2a4390de-1935-11eb-9291-ac1f6bbd4684-PTO.jpg,1
242,DE601-AVKJA-001-926c52e7-191a-11eb-9291-ac1f6bbd4684-PTO.jpg,1
243,DE601-AVKOG-001-1b4e1af2-195e-11eb-9291-ac1f6bbd4684-PTO.jpg,1
244,DE601-AVLOY-001-fee051b6-19c3-11eb-9291-ac1f6bbd4684-PTO.jpg,1
245,DE601-AVLWH-001-7334020c-19ba-11eb-9291-ac1f6bbd4684-PTO.jpg,1
246,DE601-AVLWP-001-c65c1707-1913-11eb-9291-ac1f6bbd4684-PTO.jpg,1
247,DE601-AVMCT-001-3a1cf258-1928-11eb-9291-ac1f6bbd4684-PTO.jpg,1
248,DE601-AVMDD-001-83995a06-1930-11eb-9291-ac1f6bbd4684-PTO.jpg,1
249,DE601-AVOYJ-001-a6213268-19c0-11eb-9291-ac1f6bbd4684-PTO.jpg,1
250,DE601-AVOYP-001-945a2c0c-19ce-11eb-9291-ac1f6bbd4684-PTO.jpg,1
251,DE601-AVOZM-001-eafccc80-19d1-11eb-9291-ac1f6bbd4684-PTO.jpg,1
252,DE601-AVPAA-001-305a66c4-1930-11eb-9291-ac1f6bbd4684-PTO.jpg,1
253,DE601-AVPAJ-001-88ddf870-193b-11eb-9291-ac1f6bbd4684-PTO.jpg,1
254,DE601-AVPBJ-001-fb7eaab8-191a-11eb-9291-ac1f6bbd4684-PTO.jpg,1
255,DE601-AVPET-001-e85af532-1930-11eb-9291-ac1f6bbd4684-PTO.jpg,1
256,DE601-AVPFB-001-b00dad07-2265-11eb-b789-ac1f6bbd4684-PTO.jpg,1
257,DE601-AVPFQ-001-c6a56dba-1915-11eb-9291-ac1f6bbd4684-PTO.jpg,1
258,DE601-AVPFV-001-e86b52ae-190e-11eb-9291-ac1f6bbd4684-PTO.jpg,1
259,DE601-AVPGM-001-96effd41-19d0-11eb-9291-ac1f6bbd4684-PTO.jpg,1
260,DE601-AVPIA-001-a1825b62-19ce-11eb-9291-ac1f6bbd4684-PTO.jpg,1
261,DE601-AVPIL-001-38da766a-19ca-11eb-9291-ac1f6bbd4684-PTO.jpg,1
262,DE601-AVPJT-001-8b08fc46-1918-11eb-9291-ac1f6bbd4684-PTO.jpg,1
263,DE601-AVPKA-001-693cd989-19d0-11eb-9291-ac1f6bbd4684-PTO.jpg,1
264,DE601-AVPKY-001-feaaf9c4-193d-11eb-9291-ac1f6bbd4684-PTO.jpg,1
265,DE601-AVPLC-001-31f639c0-1921-11eb-9291-ac1f6bbd4684-PTO.jpg,1
